{
  "num_landmarks": 105,
  "lmk_face_idx": [
    6431,
    5107,
    391,
    1321,
    3831,
    1347,
    3845,
    6434,
    3,
    6592,
    2873,
    225,
    1802,
    8834,
    8832,
    8775,
    3779,
    2874,
    5325,
    7915,
    5295,
    269,
    5428,
    6181,
    2212,
    5739,
    5412,
    338,
    302,
    8231,
    307,
    276,
    274,
    1516,
    5417,
    5373,
    6647,
    6766,
    6831,
    6700,
    6656,
    1582,
    1736,
    1764,
    6801,
    3729,
    6804,
    6775,
    1698,
    1626,
    1741,
    6772,
    6108,
    211,
    5990,
    3742,
    2057,
    6110,
    7798,
    7338,
    2276,
    8803,
    830,
    3525,
    6277,
    393,
    5608,
    5555,
    8804,
    2291,
    2294,
    7410,
    7371,
    7368,
    2329,
    7414,
    7415,
    7514,
    2431,
    2381,
    2384,
    2378,
    2369,
    2436,
    2389,
    2311,
    2346,
    5934,
    1065,
    3426,
    863,
    8590,
    5974,
    3428,
    912,
    985,
    968,
    935,
    942,
    6015,
    924,
    971,
    944,
    6180,
    8521
  ],
  "lmk_b_coords": [
    [
      0.7247286210835828,
      0.025990749269022673,
      0.24928062964739456
    ],
    [
      0.008027879271964772,
      0.8548501964990511,
      0.1371219242289841
    ],
    [
      0.49934672877344066,
      0.09920070626571388,
      0.40145256496084547
    ],
    [
      0.1510587797320192,
      0.8183246306230108,
      0.030616589644970053
    ],
    [
      0.9319169080866657,
      0.005302665345494418,
      0.06278042656783989
    ],
    [
      0.6086804759244178,
      0.34974119903785666,
      0.04157832503772552
    ],
    [
      0.016358774789987818,
      0.44308672569490887,
      0.5405544995151033
    ],
    [
      0.06083316080104173,
      0.3135068407606007,
      0.6256599984383575
    ],
    [
      0.6783580358469973,
      0.1857514117483252,
      0.1358905524046775
    ],
    [
      0.21258205498990962,
      0.41796154573742905,
      0.36945639927266133
    ],
    [
      0.7247286210835828,
      0.24928062964739445,
      0.02599074926902276
    ],
    [
      0.008027879271964355,
      0.13712192422898445,
      0.8548501964990511
    ],
    [
      0.0992007062657142,
      0.4993467287734404,
      0.40145256496084547
    ],
    [
      0.15105877973201898,
      0.030616589644970382,
      0.8183246306230106
    ],
    [
      0.9319169080866657,
      0.06278042656783989,
      0.005302665345494418
    ],
    [
      0.6086804759244173,
      0.041578325037725336,
      0.34974119903785744
    ],
    [
      0.4430867256949088,
      0.016358774789987877,
      0.5405544995151033
    ],
    [
      0.060833160801041786,
      0.6256599984383575,
      0.3135068407606007
    ],
    [
      0.6783580358469973,
      0.1358905524046775,
      0.1857514117483252
    ],
    [
      0.36945639927266116,
      0.4179615457374292,
      0.21258205498990956
    ],
    [
      3.774758283725532e-15,
      0.42312690263093883,
      0.5768730973690575
    ],
    [
      0.2103993844150418,
      8.118369862626313e-16,
      0.7896006155849574
    ],
    [
      0.37716382386761393,
      0.3871675605653217,
      0.23566861556706434
    ],
    [
      0.17046341336237872,
      0.8181572125757058,
      0.011379374061915455
    ],
    [
      0.0364727537026055,
      0.31009219979662994,
      0.6534350465007646
    ],
    [
      0.5825512004675459,
      0.15548584065464247,
      0.2619629588778116
    ],
    [
      0.6459485830114841,
      0.14175101128630077,
      0.21230040570221517
    ],
    [
      0.2962544764958762,
      0.0894481011092987,
      0.6142974223948251
    ],
    [
      3.6637359812630166e-15,
      0.8386478644660224,
      0.16135213553397398
    ],
    [
      2.7755575615628914e-15,
      0.744113898477692,
      0.2558861015223052
    ],
    [
      0.48671861353956625,
      2.1254504971238914e-15,
      0.5132813864604316
    ],
    [
      -1.3322676295501878e-15,
      0.2238106319550942,
      0.7761893680449071
    ],
    [
      4.440892098500626e-16,
      0.6203231604192242,
      0.37967683958077536
    ],
    [
      4.718447854656915e-15,
      0.7078295047678195,
      0.2921704952321758
    ],
    [
      0.4599620468888211,
      0.5400379531111771,
      1.831250733324633e-15
    ],
    [
      0.882563558744506,
      0.11743644125548243,
      1.1511101409642578e-14
    ],
    [
      0.576873097369057,
      0.42312690263094005,
      2.8385816006939138e-15
    ],
    [
      0.21039938441504177,
      0.7896006155849574,
      8.118369862626313e-16
    ],
    [
      0.2356686155670643,
      0.38716756056532164,
      0.37716382386761405
    ],
    [
      0.011379374061915803,
      0.8181572125757056,
      0.17046341336237858
    ],
    [
      0.0364727537026045,
      0.6534350465007657,
      0.31009219979662983
    ],
    [
      0.5825512004675459,
      0.2619629588778116,
      0.15548584065464247
    ],
    [
      0.6459485830114835,
      0.21230040570221498,
      0.14175101128630155
    ],
    [
      0.08944810110929835,
      0.2962544764958765,
      0.6142974223948251
    ],
    [
      3.6637359812630166e-15,
      0.16135213553397398,
      0.8386478644660224
    ],
    [
      2.7755575615628914e-15,
      0.2558861015223052,
      0.744113898477692
    ],
    [
      0.48671861353956625,
      0.5132813864604309,
      2.8796970343446597e-15
    ],
    [
      1.9984014443252818e-15,
      0.22381063195509207,
      0.7761893680449059
    ],
    [
      0.6203231604192243,
      4.727214354847495e-16,
      0.37967683958077525
    ],
    [
      0.7078295047678194,
      4.874866834814142e-15,
      0.2921704952321758
    ],
    [
      0.45996204688882114,
      1.831250733324633e-15,
      0.5400379531111771
    ],
    [
      9.547918011776346e-15,
      0.11743644125548526,
      0.8825635587445052
    ],
    [
      0.0006125302605919369,
      0.4780643096464275,
      0.5213231600929806
    ],
    [
      0.8947143031542817,
      0.0032353668901111015,
      0.1020503299556072
    ],
    [
      0.0029413454216362656,
      0.0551163851461159,
      0.9419422694322478
    ],
    [
      0.0018615779881222538,
      0.4411800886887962,
      0.5569583333230815
    ],
    [
      0.0003952281618547909,
      0.9172943919834997,
      0.0823103798546455
    ],
    [
      0.8387162195654174,
      0.16073410419396741,
      0.0005496762406152388
    ],
    [
      0.6612004879668766,
      0.2979499999702204,
      0.040849512062903034
    ],
    [
      0.4978853605855761,
      0.48890981584292686,
      0.013204823571497125
    ],
    [
      0.5890104075093513,
      0.31907715818169485,
      0.09191243430895377
    ],
    [
      6.274896353905546e-05,
      0.7824050593544377,
      0.21753219168202323
    ],
    [
      0.31907715818169485,
      0.5890104075093514,
      0.09191243430895375
    ],
    [
      0.4978853605855757,
      0.013204823571497146,
      0.4889098158429272
    ],
    [
      0.040849512062903104,
      0.2979499999702204,
      0.6612004879668765
    ],
    [
      4.553837378351577e-06,
      0.5095237648865182,
      0.49047168127610347
    ],
    [
      9.052726385183618e-08,
      0.7311358827790073,
      0.26886402669372883
    ],
    [
      4.3056072505931464e-08,
      0.9709041092638334,
      0.02909584768009408
    ],
    [
      0.2216294696184419,
      0.77836628262126,
      4.247760298143813e-06
    ],
    [
      0.46605844499730065,
      0.20110176950501518,
      0.3328397854976841
    ],
    [
      0.050246473360766625,
      0.7572587784546636,
      0.19249474818456977
    ],
    [
      0.1367128600616559,
      0.5486514980804923,
      0.3146356418578518
    ],
    [
      0.2119099823493652,
      0.7560099964380905,
      0.032080021212544274
    ],
    [
      0.0172562717641343,
      0.5559948270937942,
      0.4267489011420715
    ],
    [
      0.5990327642285204,
